1,MVT.ALMA FUDJI KG,4.65₼,meyve-terevez-quru-meyveler/meyve
2,MVT.ALMA GOLDEN QIRMIZI KG,3.35₼,meyve-terevez-quru-meyveler/meyve
3,MVT.ALMA GOLDEN XARICI KG,4.85₼,meyve-terevez-quru-meyveler/meyve
4,MVT.ALMA PALMET KG,3.99₼,meyve-terevez-quru-meyveler/meyve
5,MVT.ALMA SEMERINKA XARICI KG,4.80₼,meyve-terevez-quru-meyveler/meyve
6,MVT.ALMA SEMERINKA YERLI KG,3.25₼,meyve-terevez-quru-meyveler/meyve
7,MVT.ALMA SUPER KG,1.95₼,meyve-terevez-quru-meyveler/meyve
8,MVT.ALMA UCUZ KG,1.99₼,meyve-terevez-quru-meyveler/meyve
9,MVT.ANANAS EDED,6.30₼,meyve-terevez-quru-meyveler/meyve
10,MVT.ARMUD ALYANAQ KG,5.50₼,meyve-terevez-quru-meyveler/meyve
11,MVT.ARMUD DUSES KG,5.99₼,meyve-terevez-quru-meyveler/meyve
12,MVT.AVAKADO EDED,3.55₼,meyve-terevez-quru-meyveler/meyve
13,MVT.BADIMCAN YERLI KG,0.75₼,meyve-terevez-quru-meyveler/meyve
14,MVT.BANAN KG,2.25₼,meyve-terevez-quru-meyveler/meyve
15,MVT.FINDIQ TEZE KG,4.35₼,meyve-terevez-quru-meyveler/meyve
16,MVT.GAVALI PEPSI KG,6.95₼,meyve-terevez-quru-meyveler/meyve
17,MVT.GAVALI YERLI KG,1.95₼,meyve-terevez-quru-meyveler/meyve
18,MVT.GREYFRUT KG,4.80₼,meyve-terevez-quru-meyveler/meyve
19,MVT.HEYVA KG,1.15₼,meyve-terevez-quru-meyveler/meyve
20,MVT.KARALYOK KG,1.95₼,meyve-terevez-quru-meyveler/meyve
21,MVT.KIN KAN KG,4.75₼,meyve-terevez-quru-meyveler/meyve
22,MVT.KIVI KG,2.65₼,meyve-terevez-quru-meyveler/meyve
23,MVT.LIMON LAYM EDED,1.35₼,meyve-terevez-quru-meyveler/meyve
24,MVT.LIMON TURK EDED,0.39₼,meyve-terevez-quru-meyveler/meyve
25,MVT.LIMON YERLI EDED,0.75₼,meyve-terevez-quru-meyveler/meyve
26,MVT.MANDARIN XARICI KG,8.25₼,meyve-terevez-quru-meyveler/meyve
27,MVT.MANDARIN YERLI KG,2.85₼,meyve-terevez-quru-meyveler/meyve
28,MVT.MANQO EDED,5.50₼,meyve-terevez-quru-meyveler/meyve
29,MVT.NAR ARMUDU KG,4.25₼,meyve-terevez-quru-meyveler/meyve
30,MVT.NAR KG,2.35₼,meyve-terevez-quru-meyveler/meyve
31,MVT.NAR SUPER KG,3.95₼,meyve-terevez-quru-meyveler/meyve
32,MVT.PAMELLA EDED,8.30₼,meyve-terevez-quru-meyveler/meyve
33,MVT.PORTAGAL KG,3.45₼,meyve-terevez-quru-meyveler/meyve
34,MVT.PORTAGAL MAROCCO KG,3.29₼,meyve-terevez-quru-meyveler/meyve
35,MVT.PORTAGAL YERLI KG,2.65₼,meyve-terevez-quru-meyveler/meyve
36,MVT.PRASA KG,5.50₼,meyve-terevez-quru-meyveler/meyve
37,MVT.QOZ TEZE KG,15.50₼,meyve-terevez-quru-meyveler/meyve
38,MVT.SABALID KG,9.85₼,meyve-terevez-quru-meyveler/meyve
39,MVT.UZUM AG KG,3.95₼,meyve-terevez-quru-meyveler/meyve
40,MVT.UZUM KARDINAL KG,0.99₼,meyve-terevez-quru-meyveler/meyve
41,MVT.UZUM KISMISI QIRMIZI KG,3.90₼,meyve-terevez-quru-meyveler/meyve
42,MVT.UZUM MERENDI QARA KG,3.90₼,meyve-terevez-quru-meyveler/meyve
43,MVT.UZUM QARA KG,2.85₼,meyve-terevez-quru-meyveler/meyve
44,MVT.UZUM YERLI KG,3.90₼,meyve-terevez-quru-meyveler/meyve
45,MVT.XURMA KG,1.95₼,meyve-terevez-quru-meyveler/meyve
46,MVT.ZENCEFIL (IMBIR) KG,9.55₼,meyve-terevez-quru-meyveler/meyve
47,UMNO LAK TEMIZLEYICISI 50ML,0.83₼,meyve-terevez-quru-meyveler/meyve
48,MVT.GOYERTI EDED,0.19₼,meyve-terevez-quru-meyveler/goyerti
49,MVT.KAHI EDED,0.55₼,meyve-terevez-quru-meyveler/goyerti
50,MVT.KEREVIZ-SELDEREY KG,4.50₼,meyve-terevez-quru-meyveler/goyerti
51,MVT.TERXUN EDED,1.05₼,meyve-terevez-quru-meyveler/goyerti
52,MVT.BADIMCAN KG,1.55₼,meyve-terevez-quru-meyveler/terevez
53,MVT.BADIMCAN YUMRU KG,3.85₼,meyve-terevez-quru-meyveler/terevez
54,MVT.BALQABAQ KG,2.70₼,meyve-terevez-quru-meyveler/terevez
55,MVT.BIBER ACI KG,3.99₼,meyve-terevez-quru-meyveler/terevez
56,MVT.BIBER BOLQAR SIRIN KG,1.55₼,meyve-terevez-quru-meyveler/terevez
57,MVT.BIBER CARLISTON KG,5.95₼,meyve-terevez-quru-meyveler/terevez
58,MVT.BIBER RENGLI KG,6.35₼,meyve-terevez-quru-meyveler/terevez
59,MVT.BROKLI KG,3.90₼,meyve-terevez-quru-meyveler/terevez
60,MVT.CUGUNDUR KG,1.05₼,meyve-terevez-quru-meyveler/terevez
61,MVT.KABACKI KG,1.35₼,meyve-terevez-quru-meyveler/terevez
62,MVT.KARTOF CALILABAD KG,1.05₼,meyve-terevez-quru-meyveler/terevez
63,MVT.KARTOF GEDEBEY KG,1.55₼,meyve-terevez-quru-meyveler/terevez
64,MVT.KARTOF KG,1.25₼,meyve-terevez-quru-meyveler/terevez
65,MVT.KARTOF QIRMIZI KG,1.35₼,meyve-terevez-quru-meyveler/terevez
66,MVT.KARTOF TEZE KG,1.75₼,meyve-terevez-quru-meyveler/terevez
67,MVT.KARTOF TOVUZ KG,0.78₼,meyve-terevez-quru-meyveler/terevez
68,MVT.KARTOF UCUZ KG,1.30₼,meyve-terevez-quru-meyveler/terevez
69,MVT.KELEM AYSBERQ KG,4.30₼,meyve-terevez-quru-meyveler/terevez
70,MVT.KELEM GUL KG,3.55₼,meyve-terevez-quru-meyveler/terevez
71,MVT.KELEM KG,0.75₼,meyve-terevez-quru-meyveler/terevez
72,MVT.KELEM QIRMIZI KG,2.95₼,meyve-terevez-quru-meyveler/terevez
73,MVT.KOK KG,1.05₼,meyve-terevez-quru-meyveler/terevez
74,MVT.LOBYA QARA KG,8.90₼,meyve-terevez-quru-meyveler/terevez
75,MVT.POMIDOR CERI KG,5.95₼,meyve-terevez-quru-meyveler/terevez
76,MVT.POMIDOR CERI KICIK EDED PL/Q,2.55₼,meyve-terevez-quru-meyveler/terevez
77,MVT.POMIDOR QAZAX KG,2.35₼,meyve-terevez-quru-meyveler/terevez
78,MVT.POMIDOR ROZA KG,3.95₼,meyve-terevez-quru-meyveler/terevez
79,MVT.POMIDOR SALXIM KG,2.35₼,meyve-terevez-quru-meyveler/terevez
80,MVT.POMIDOR SEMKIR KG,1.65₼,meyve-terevez-quru-meyveler/terevez
81,MVT.POMIDOR XACMAZ KG,1.55₼,meyve-terevez-quru-meyveler/terevez
82,MVT.POMIDOR YERLI KG,1.65₼,meyve-terevez-quru-meyveler/terevez
83,MVT.SARIMSAQ KG,3.90₼,meyve-terevez-quru-meyveler/terevez
84,MVT.SOGAN HOVSAN KG,6.95₼,meyve-terevez-quru-meyveler/terevez
85,MVT.SOGAN KG,0.98₼,meyve-terevez-quru-meyveler/terevez
86,MVT.SOGAN QIRMIZI KG,1.75₼,meyve-terevez-quru-meyveler/terevez
87,MVT.SOGAN SECME KG,1.05₼,meyve-terevez-quru-meyveler/terevez
88,MVT.XIYAR MELIT KG,0.65₼,meyve-terevez-quru-meyveler/terevez
89,MVT.XIYAR PATRON KG,1.45₼,meyve-terevez-quru-meyveler/terevez
90,MVT.XIYAR TIKANLI KG,3.55₼,meyve-terevez-quru-meyveler/terevez
91,MVT.XIYAR YELPENEK KG,0.75₼,meyve-terevez-quru-meyveler/terevez
92,MVT.YARPAQ BANKA,2.50₼,meyve-terevez-quru-meyveler/terevez
93,MVT.YEMIS OZBEK KG,0.75₼,meyve-terevez-quru-meyveler/terevez
94,ET.DANA ANTRIKOT SUMUKLU KG,11.70₼,et-toyuq-deniz-mehsullari/mal%20eti
95,ET.DANA BEL ETI SUMUKLU KG,12.20₼,et-toyuq-deniz-mehsullari/mal%20eti
96,ET.DANA BEL ETI SUMUKSUZ KG,17.50₼,et-toyuq-deniz-mehsullari/mal%20eti
97,ET.DANA CAN ETI BOYUK KG,25.75₼,et-toyuq-deniz-mehsullari/mal%20eti
98,ET.DANA CAN ETI KG,23.50₼,et-toyuq-deniz-mehsullari/mal%20eti
99,ET.DANA CIYER KG,10.40₼,et-toyuq-deniz-mehsullari/mal%20eti
100,ET.DANA DIL KG,9.30₼,et-toyuq-deniz-mehsullari/mal%20eti
101,ET.DANA FARS KG,10.50₼,et-toyuq-deniz-mehsullari/mal%20eti
102,ET.DANA SOYUTMALIQ KG,15.50₼,et-toyuq-deniz-mehsullari/mal%20eti
103,ET.DANA SUMUKLU ET KG,11.30₼,et-toyuq-deniz-mehsullari/mal%20eti
104,ET.DANA SUMUKSUZ ET KG,14.90₼,et-toyuq-deniz-mehsullari/mal%20eti
105,ET.DANA UREYI KG,6.50₼,et-toyuq-deniz-mehsullari/mal%20eti
106,ET.QUZU ANTRIKOT KG,15.50₼,et-toyuq-deniz-mehsullari/mal%20eti
107,ET.QUZU BOYUN KG,14.30₼,et-toyuq-deniz-mehsullari/mal%20eti
108,ET.QUZU ETI KG,15.50₼,et-toyuq-deniz-mehsullari/mal%20eti
109,ET.QUZU ICALAT EDED,8.20₼,et-toyuq-deniz-mehsullari/mal%20eti
110,ET.KEND TOYUQU ISMAYILLI EDED,7.20₼,et-toyuq-deniz-mehsullari/toyuq
111,ET.TOYUQ A.SOY.FILE KG,7.20₼,et-toyuq-deniz-mehsullari/toyuq
112,ET.TOYUQ A.SOYUDULMUS KG,5.19₼,et-toyuq-deniz-mehsullari/toyuq
113,FEDEK TOYUQ BUD BUTULKA KG,7.60₼,et-toyuq-deniz-mehsullari/toyuq
114,FEDEK TOYUQ PAKET KG,6.70₼,et-toyuq-deniz-mehsullari/toyuq
115,FEDEK TOYUQ QANAD KG,7.60₼,et-toyuq-deniz-mehsullari/toyuq
116,FEDEK TOYUQ TABAKA KG,6.75₼,et-toyuq-deniz-mehsullari/toyuq
117,INDI LAYT BUD FILE BODRA HIND TOY.KG,14.35₼,et-toyuq-deniz-mehsullari/toyuq
118,INDI LAYT BUD HIND TOY.KG,7.50₼,et-toyuq-deniz-mehsullari/toyuq
119,INDI LAYT BUD QOLEN BREND HIND TOY.KG,7.75₼,et-toyuq-deniz-mehsullari/toyuq
120,INDI LAYT CIYER HIND TOY.KG,8.30₼,et-toyuq-deniz-mehsullari/toyuq
121,INDI LAYT DIRSEK KRILO HIND TOY.KG,6.95₼,et-toyuq-deniz-mehsullari/toyuq
122,INDI LAYT FILE HIND TOY.KG,14.15₼,et-toyuq-deniz-mehsullari/toyuq
123,INDI LAYT PETENEK HIND TOY.KG,8.85₼,et-toyuq-deniz-mehsullari/toyuq
124,INDI LAYT QANAD HIND TOY.KG,7.50₼,et-toyuq-deniz-mehsullari/toyuq
125,INDI LAYT STEYK QOLENI HIND TOY.KG,7.75₼,et-toyuq-deniz-mehsullari/toyuq
126,SEBA 500GR FARS TOYUQ ETI,2.75₼,et-toyuq-deniz-mehsullari/toyuq
127,SEBA TOYUQ BUD BUTULKA KG,6.80₼,et-toyuq-deniz-mehsullari/toyuq
128,SEBA TOYUQ BUD DIBI KG,6.35₼,et-toyuq-deniz-mehsullari/toyuq
129,SEBA TOYUQ CIYER KG,4.05₼,et-toyuq-deniz-mehsullari/toyuq
130,SEBA TOYUQ FILE KG,9.40₼,et-toyuq-deniz-mehsullari/toyuq
131,SEBA TOYUQ PETENEK KG,5.35₼,et-toyuq-deniz-mehsullari/toyuq
132,SEBA TOYUQ QANAD KG,5.90₼,et-toyuq-deniz-mehsullari/toyuq
133,SEBA TOYUQ TABAKA KG,6.95₼,et-toyuq-deniz-mehsullari/toyuq
134,TAMLI TOYUQ FILE KG,8.30₼,et-toyuq-deniz-mehsullari/toyuq
135,TAMLI TOYUQ TABAKA KG,5.06₼,et-toyuq-deniz-mehsullari/toyuq
136,B.L DUZLU SKUMBRIYA TIKE EDVIYYATLI BALIQ KG,13.80₼,et-toyuq-deniz-mehsullari/deniz-mehsullari
137,B.L QAXAC CAPAQ BALIQ KG,9.00₼,et-toyuq-deniz-mehsullari/deniz-mehsullari
138,B.L QAXAC CAPAQ VAKUUM BALIQ KG,11.40₼,et-toyuq-deniz-mehsullari/deniz-mehsullari
139,B.L QAXAC KULME BALIQ (VOBLA) KG,10.65₼,et-toyuq-deniz-mehsullari/deniz-mehsullari
140,B.L S/H BOYUN EDED,0.45₼,et-toyuq-deniz-mehsullari/deniz-mehsullari
141,B.L S/H CAPAQ IRI BALIQ KG,10.35₼,et-toyuq-deniz-mehsullari/deniz-mehsullari
142,B.L S/H CAPAQ ORTA BALIQ KG,8.90₼,et-toyuq-deniz-mehsullari/deniz-mehsullari
143,B.L S/H CAPAQ SECME BALIQ KG,12.50₼,et-toyuq-deniz-mehsullari/deniz-mehsullari
144,B.L S/H KILKE BALIQ KG,4.75₼,et-toyuq-deniz-mehsullari/deniz-mehsullari
145,B.L S/H SHAHMAYI (SHAMAYKA) BALIQ KG,15.10₼,et-toyuq-deniz-mehsullari/deniz-mehsullari
146,B.L S/H SKUMBRIYA DALGA BALIQ KG,14.20₼,et-toyuq-deniz-mehsullari/deniz-mehsullari
147,B.L S/H SKUMBRIYA DILIM DALGA VAKUUM BALIQ KG,19.95₼,et-toyuq-deniz-mehsullari/deniz-mehsullari
148,B.L S/H SKUMBRIYA DILIM VAKUUM BALIQ KG,13.90₼,et-toyuq-deniz-mehsullari/deniz-mehsullari
149,B.L S/H SKUMBRIYA FILESI BALIQ KG,10.60₼,et-toyuq-deniz-mehsullari/deniz-mehsullari
150,B.L S/H SKUMBRIYA KICIK BALIQ KG,11.25₼,et-toyuq-deniz-mehsullari/deniz-mehsullari
151,B.L S/H SKUMBRIYA ORTA BALIQ KG,11.90₼,et-toyuq-deniz-mehsullari/deniz-mehsullari
152,B.L S/H SKUMBRIYA VAKUUM SECME BALIQ KG,13.10₼,et-toyuq-deniz-mehsullari/deniz-mehsullari
153,B.L S/H SYOMQA FILE BALIQ MEZZE MARIN KG,53.90₼,et-toyuq-deniz-mehsullari/deniz-mehsullari
154,B.L S/H SYOMQA XRES BALIQ KG,11.20₼,et-toyuq-deniz-mehsullari/deniz-mehsullari
155,B.L S/H XESEM BUTOV BALIQ KG,13.00₼,et-toyuq-deniz-mehsullari/deniz-mehsullari
156,B.L S/H XESEM BUTOV IRI BALIQ KG,13.45₼,et-toyuq-deniz-mehsullari/deniz-mehsullari
157,B.L S/H XESEM SECME BALIQ KG,14.20₼,et-toyuq-deniz-mehsullari/deniz-mehsullari
158,B.L T/D NERKA BALIQ KG,6.30₼,et-toyuq-deniz-mehsullari/deniz-mehsullari
159,B.L T/D SYOMQA FILE BALIQ CITY FOOD KG,46.60₼,et-toyuq-deniz-mehsullari/deniz-mehsullari
160,B.L T/D SYOMQA FILE BALIQ MEZZE MARIN KG,46.60₼,et-toyuq-deniz-mehsullari/deniz-mehsullari
161,B.L T/D TELAPIYA FILESI BALIQ KG,12.50₼,et-toyuq-deniz-mehsullari/deniz-mehsullari
162,B.L T/O FOREL SARI BALIQ KG,15.50₼,et-toyuq-deniz-mehsullari/deniz-mehsullari
163,BALTIYSKIY BEREQ 100GR BALIQ FOREL FILE-LOMTIKI SL,9.99₼,et-toyuq-deniz-mehsullari/deniz-mehsullari
164,BALTIYSKIY BEREQ 100GR SYOMQA SLABOSOL.FILE-LOMTIK,11.39₼,et-toyuq-deniz-mehsullari/deniz-mehsullari
165,BALTIYSKIY BEREQ 200GR KOKTEYL IZ MOREPROD.V MASLE,6.49₼,et-toyuq-deniz-mehsullari/deniz-mehsullari
166,BALTIYSKIY BEREQ 200GR SYOMQA SLABOSOL.FILE-KUSOK,20.99₼,et-toyuq-deniz-mehsullari/deniz-mehsullari
167,BALTIYSKIY BEREQ 250GR SALAT IZ MOR.KAPUSTI NATUR.,2.79₼,et-toyuq-deniz-mehsullari/deniz-mehsullari
168,BALTIYSKIY BEREQ 400GR SELD FILE OLIVKOVAYA V MAS.,9.29₼,et-toyuq-deniz-mehsullari/deniz-mehsullari
169,BALTIYSKIY BEREQ 400GR SELD FILE-KUSOCKI OLIVKOV.,8.49₼,et-toyuq-deniz-mehsullari/deniz-mehsullari
170,PINAR 400GR CITIR BALIK,12.80₼,et-toyuq-deniz-mehsullari/deniz-mehsullari
171,PINAR 650GR KILKA TEMIZLENMIS PAKET,16.50₼,et-toyuq-deniz-mehsullari/deniz-mehsullari
172,PUTINA 240GR DENEVARI QIZIL BALIQ KURUSU KETA S/Q,85.50₼,et-toyuq-deniz-mehsullari/deniz-mehsullari
173,PUTINA 90GR DENEVARI QIZIL BALIQ KURUSU S/Q,30.80₼,et-toyuq-deniz-mehsullari/deniz-mehsullari
174,QLAVPRODUKT 460GR IKRA KABACKOVAYA S/Q,2.70₼,et-toyuq-deniz-mehsullari/deniz-mehsullari
175,RUSSKOYE MORE 130GR IKRA MINTAYA PROB.SOL.,5.29₼,et-toyuq-deniz-mehsullari/deniz-mehsullari
176,RUSSKOYE MORE 200GR SELD FILE-KUSOCKI V MASLE PL/Q,3.89₼,et-toyuq-deniz-mehsullari/deniz-mehsullari
177,VICI 100GR KRABOVIE PALOCKI,1.90₼,et-toyuq-deniz-mehsullari/deniz-mehsullari
178,VICI 100GR KRABOVIE PALOCKI,1.75₼,et-toyuq-deniz-mehsullari/deniz-mehsullari
179,VICI 150GR MORSKAYA KAPUSTA V MARINADE,1.80₼,et-toyuq-deniz-mehsullari/deniz-mehsullari
180,VICI 150GR SELD FILE KUSOCKI TRADICIONNAYA,3.12₼,et-toyuq-deniz-mehsullari/deniz-mehsullari
181,VICI 150GR SELD FILE KUSOCKI V KARTOSKE,3.12₼,et-toyuq-deniz-mehsullari/deniz-mehsullari
182,VICI 1KG KREVETKA BASLI KOROL.50/70,34.00₼,et-toyuq-deniz-mehsullari/deniz-mehsullari
183,VICI 1KG KREVETKA BISMIS BASLI 30/40 KOROLEVSKIYE,34.00₼,et-toyuq-deniz-mehsullari/deniz-mehsullari
184,VICI 1KG KREVETKA BISMIS TEM-NMIS QUYR.31/40 KOROL,48.10₼,et-toyuq-deniz-mehsullari/deniz-mehsullari
185,VICI 1KG KRIVETKI KOROL.S XVOSTIKOM,39.30₼,et-toyuq-deniz-mehsullari/deniz-mehsullari
186,VICI 200GR KRABOK KRABOVIE PALOCKI,1.85₼,et-toyuq-deniz-mehsullari/deniz-mehsullari
187,VICI 200GR KRABOVIE PALOCKI,3.70₼,et-toyuq-deniz-mehsullari/deniz-mehsullari
188,VICI 200GR KREVETKI OCIS. KOPCENIYE PL/Q,7.85₼,et-toyuq-deniz-mehsullari/deniz-mehsullari
189,VICI 200GR MIDII MARINOV. V MASLE PL/Q,5.10₼,et-toyuq-deniz-mehsullari/deniz-mehsullari
190,VICI 200GR MIDII OTVARENNIYE V RASSOLE PL/Q,5.10₼,et-toyuq-deniz-mehsullari/deniz-mehsullari
191,VICI 200GR MORSKOY KOKTEYL IZ MOREPR.PL/Q,6.85₼,et-toyuq-deniz-mehsullari/deniz-mehsullari
192,VICI 200GR SELD FILE KUS.CARSKAYA,3.75₼,et-toyuq-deniz-mehsullari/deniz-mehsullari
193,VICI 200GR SELD FILE KUS.ORIQINALNAYA V MASLE,3.75₼,et-toyuq-deniz-mehsullari/deniz-mehsullari
194,VICI 240GR KRABOVIE PALOCKI,3.40₼,et-toyuq-deniz-mehsullari/deniz-mehsullari
195,VICI 240GR SELD FILE TRADIC. V MASLE,4.75₼,et-toyuq-deniz-mehsullari/deniz-mehsullari
196,VICI 240GR SELD FILE V KARTOSKE,4.75₼,et-toyuq-deniz-mehsullari/deniz-mehsullari
197,VICI 250GR SNEJNIY KRAB KRABOVIE PALOCKI,6.10₼,et-toyuq-deniz-mehsullari/deniz-mehsullari
198,VICI 400GR FAVORIT KOKTEYL V RASSOLE PL/Q,12.05₼,et-toyuq-deniz-mehsullari/deniz-mehsullari
199,VICI 500GR KRABOVIE PALOCKI,6.80₼,et-toyuq-deniz-mehsullari/deniz-mehsullari
200,VICI 500GR KREVETKA BASLI 30/40 KOROLEVSKIE,18.20₼,et-toyuq-deniz-mehsullari/deniz-mehsullari
201,VICI 500GR KREVETKA TEM-NMIS QUYRUQLU 31/40 KOROL.,27.85₼,et-toyuq-deniz-mehsullari/deniz-mehsullari
202,DONDURMA ALGIDA 100ML CIYELEK-VANIL PL/Q,1.10₼,qastronom/dondurma
203,DONDURMA ALGIDA 100ML KAKAO-VANIL PL/Q,1.10₼,qastronom/dondurma
204,DONDURMA ALGIDA 140ML CORNETTO DISC VANIL-KARAMEL,2.70₼,qastronom/dondurma
205,DONDURMA ALGIDA 750ML KEYIF KAKAO-VANIL PL/Q,5.10₼,qastronom/dondurma
206,DONDURMA CARTE DOR 925ML CLASSIC ANTEP FISTIK-BIT.,12.10₼,qastronom/dondurma
207,DONDURMA CARTE DOR 925ML CLASSIC CIKOLATA TUTKUNL.,12.10₼,qastronom/dondurma
208,DONDURMA CELNI XOLOD 110GR QOST ROJOK PLOMBIR SOKO,3.40₼,qastronom/dondurma
209,DONDURMA CELNI XOLOD 75GR PLOMBIR NA SLIVKAX STAKA,2.20₼,qastronom/dondurma
210,DONDURMA CELNI XOLOD 80GR QOST PLOMBIR SOKOLADLI,2.30₼,qastronom/dondurma
211,DONDURMA DELISSIMO 500GR SOKOLADLI PLOMBIR,5.40₼,qastronom/dondurma
212,DONDURMA DELISSIMO 500GR VANILLI PLOMBIR,5.40₼,qastronom/dondurma
213,DONDURMA ICELAND 500GR MALIK VANILLI PLOMBIR,3.90₼,qastronom/dondurma
214,DONDURMA ICELAND 500GR PLOMBIR VANILLI 15%,5.20₼,qastronom/dondurma
215,DONDURMA ICELAND 600GR SEVGI PLOMBIR VANILLI PL/Q,7.40₼,qastronom/dondurma
216,DONDURMA ICELAND 70GR BAKILI QIZ PLOMBIR QEHVELI,0.60₼,qastronom/dondurma
217,DONDURMA ICELAND 70GR BAKILI QIZ PLOMBIR VANILLI,0.60₼,qastronom/dondurma
218,DONDURMA ICELAND 75GR OSCAR PLOMBIR FINDIQLI,0.92₼,qastronom/dondurma
219,DONDURMA ICELAND 75GR OSCAR QEHVELI PLOMBIR,0.92₼,qastronom/dondurma
220,DONDURMA ICELAND 75GR OSCAR VANIL PLOMBIR,0.92₼,qastronom/dondurma
221,DONDURMA ICELAND 80GR PLOMBIR VANILLI 15% ESKIMO,1.04₼,qastronom/dondurma
222,DONDURMA ICELAND 80GR PLOMBIR VANILLI 15% STEKAN,0.80₼,qastronom/dondurma
223,DONDURMA LONDON DAIRY 100ML SORBETS MANGO QUTU,5.10₼,qastronom/dondurma
224,DONDURMA LONDON DAIRY 100ML SORBETS RASPBERRY,5.10₼,qastronom/dondurma
225,DONDURMA LONDON DAIRY 110ML ALMOND QUTU,5.10₼,qastronom/dondurma
226,DONDURMA LONDON DAIRY 110ML BELGIAN CHOCOLATE QUTU,5.10₼,qastronom/dondurma
227,DONDURMA LONDON DAIRY 110ML BUTTER PECAN QUTU,5.10₼,qastronom/dondurma
228,DONDURMA LONDON DAIRY 110ML HAZELNUT QUTU,5.10₼,qastronom/dondurma
229,DONDURMA LONDON DAIRY 125ML CARAMEL CRUNCH PL/Q,4.70₼,qastronom/dondurma
230,DONDURMA LONDON DAIRY 125ML DOUBLE CHOCOLATE PL/Q,4.70₼,qastronom/dondurma
231,DONDURMA LONDON DAIRY 125ML PRALINES&CREAM PL/Q,4.70₼,qastronom/dondurma
232,DONDURMA LONDON DAIRY 125ML VANILLA PL/Q,4.70₼,qastronom/dondurma
233,DONDURMA MAGNUM 100ML ESKIMO BADAMLI ALMOND,4.00₼,qastronom/dondurma
234,DONDURMA MAGNUM 6x57.5ML MINI CLASSIC,14.00₼,qastronom/dondurma
235,DONDURMA MAGNUM 6x57.5ML MINI COOKIE&BADEM,14.00₼,qastronom/dondurma
236,DONDURMA NESTLE 130ML OREO SENDVIC S KUS.PECENYA,2.85₼,qastronom/dondurma
237,DONDURMA NESTLE 90ML ALPEN GOLD ESKIMO S MOL.SOK.,2.85₼,qastronom/dondurma
238,DONDURMA NESTLE 90ML MILKA VANIL-MOLOCNIY SOKOLAD,3.00₼,qastronom/dondurma
239,DONDURMA SNICKERS 65GR ESKIMO SUDLU,2.70₼,qastronom/dondurma
240,DONDURMA XLADOKOMBINAT 450GR QOST.PLOMBIR SOKOLAD,12.00₼,qastronom/dondurma
241,DONDURMA XLADOKOMBINAT 450GR QOST.PLOMBIR VANIL PL,12.00₼,qastronom/dondurma
242,DONDURMA XLADOKOMBINAT 60GR QOSTOVSKIY PLOMBIR,1.92₼,qastronom/dondurma
243,DONDURMA XLADOKOMBINAT 70GR QOST.PLOMBIR VANIL ESK,2.16₼,qastronom/dondurma
244,DONDURMA XLADOKOMBINAT 80GR QOST.PLOMBIR 12%,2.88₼,qastronom/dondurma
245,DONDURMA XLADOKOMBINAT 90GR QOSTOVSKIY PLOMBIR SOK,2.16₼,qastronom/dondurma
246,DONDURMA XLADOKOMBINAT 90GR QOSTOVSKIY PLOMBIR VAN,2.16₼,qastronom/dondurma
248,BUJANINA S.D.HINDI TOYUGUN DOS ETI H/V VAKUM KG,18.40₼,qastronom/kolbasa-sosisler
249,CARICINO 100GR KOLBASA C/H/V SERVELAT PREMIUM,5.44₼,qastronom/kolbasa-sosisler
250,CARICINO 275GR SOSISKI MOLOCNIYE PO-CARICINSKI,5.99₼,qastronom/kolbasa-sosisler
251,CARICINO 300GR KOLBASA S/K SERVELAT BRAUNSVEYSKAYA,16.89₼,qastronom/kolbasa-sosisler
252,CARICINO 330GR KOLBASA SERVELAT FINSKIY VAKUUM,12.89₼,qastronom/kolbasa-sosisler
253,CARICINO 330GR KOLBASA SERVELAT ROSSIYSKIY VAKUUM,9.89₼,qastronom/kolbasa-sosisler
254,CARICINO 400GR KOLBASA SERVELAT RUSSKIY,15.89₼,qastronom/kolbasa-sosisler
255,CARICINO 440GR SOSISKI MOLOCNIYE PO-CARICINO,9.89₼,qastronom/kolbasa-sosisler
256,CARICINO 500GR KOLBASA QOST DOKTORSKAYA,12.89₼,qastronom/kolbasa-sosisler
257,CARICINO 500GR KOLBASA QOST MOLOCNAYA,12.89₼,qastronom/kolbasa-sosisler
258,CARICINO 500GR KOLBASA QOST RUSSKAYA,12.89₼,qastronom/kolbasa-sosisler
259,CARICINO 500GR KOLBASA S NAT.MOLOKOM DOKTORSKAYA,7.99₼,qastronom/kolbasa-sosisler
260,CARICINO 500GR KOLBASA S NAT.MOLOKOM RUSSKAYA,9.89₼,qastronom/kolbasa-sosisler
261,CERKIZ 250GR SERVELAT FINSKIY S MOROSKOY PL/Q,6.49₼,qastronom/kolbasa-sosisler
262,CERKIZ 250GR SOSISKI MOLOCNIYE PO-CERKIZOVSKI,5.99₼,qastronom/kolbasa-sosisler
263,CERKIZ 300GR KOLBASA S/K BORODINSKAYA,14.99₼,qastronom/kolbasa-sosisler
264,CERKIZ 450GR SOSISKI MOLOCNIYE PO-CERKIZOVSKI,7.69₼,qastronom/kolbasa-sosisler
265,CERKIZ 500GR KOLBASA DOKTORSKAYA V SETKE,7.59₼,qastronom/kolbasa-sosisler
266,CERKIZ 500GR KOLBASA RUSSKAYA V SETKE,7.59₼,qastronom/kolbasa-sosisler
267,CERKIZ 85GR NAREZKA KOLBASA S/K SERVELETTI,4.49₼,qastronom/kolbasa-sosisler
268,DANET 120GR DILIMLI HINDI SALAM 2LI PAKET,4.15₼,qastronom/kolbasa-sosisler
269,DANET 120GR DILIMLI HINDI SALAM FISTIKLI 2LI,4.15₼,qastronom/kolbasa-sosisler
270,DANET 120GR DILIMLI PILIC MORTADELLA,2.85₼,qastronom/kolbasa-sosisler
271,DANET 120GR PASTIRMA DILIMLI AFYON GELENEGI,11.10₼,qastronom/kolbasa-sosisler
272,DANET 200GR FERMENTE KANGAL SUCUK ACILI,10.80₼,qastronom/kolbasa-sosisler
273,DANET 200GR IKLIM KANGAL SUCUK,5.45₼,qastronom/kolbasa-sosisler
274,DANET 250GR DILIMLI LEZZET SUCUK PILIC PIZZALIK,5.80₼,qastronom/kolbasa-sosisler
275,DANET 250GR HINDI SALAM,5.30₼,qastronom/kolbasa-sosisler
276,DANET 250GR IKLIM PILIC KOKTEYL SOSIS,5.25₼,qastronom/kolbasa-sosisler
277,DANET 250GR IKLIM PILIC SALAM,4.50₼,qastronom/kolbasa-sosisler
278,DANET 350GR IKLIM TOST PILIC SUCUK,6.85₼,qastronom/kolbasa-sosisler
279,DANET 60GR DILIMLI PILIC FUME,1.85₼,qastronom/kolbasa-sosisler
280,DANET 60GR DILIMLI TADIMLIK HINDI FUME,2.29₼,qastronom/kolbasa-sosisler
281,DANET 60GR DILIMLI TADIMLIK HINDI SALAM,2.10₼,qastronom/kolbasa-sosisler
282,DANET 60GR DILIMLI TADIMLIK ISPANYOL,3.10₼,qastronom/kolbasa-sosisler
283,DANET 60GR DILIMLI TADIMLIK MACAR SALAM,3.10₼,qastronom/kolbasa-sosisler
284,DROBIMEX 250GR HINDUSKA KOLBASA,3.05₼,qastronom/kolbasa-sosisler
285,DROBIMEX 500GR HINDUSKA KOLBASA,6.10₼,qastronom/kolbasa-sosisler
286,IV.SARDELKI QOVYAJYI KG,21.00₼,qastronom/kolbasa-sosisler
287,KAMAR 175GR SNACK TURKEY SALAMI PL/Q,11.99₼,qastronom/kolbasa-sosisler
288,KAMAR 200GR HINDI SALAMI DILIMLI VAKUUM,9.49₼,qastronom/kolbasa-sosisler
289,KAMAR 250GR HINDI SALAMI DILIMLI PL/Q,11.49₼,qastronom/kolbasa-sosisler
290,KAMAR 250GR SALAM PIZZA,11.99₼,qastronom/kolbasa-sosisler
291,KAMAR 250GR TOYUQ HINDI SALAM KOLBASA,3.89₼,qastronom/kolbasa-sosisler
292,KAMAR 400GR HALAL DANA SOSISKA HOT DOG,8.89₼,qastronom/kolbasa-sosisler
293,KAMAR 400GR HALAL TOYUQ SOSISKALARI HOT DOG,8.89₼,qastronom/kolbasa-sosisler
294,KAMAR 500GR ETLI TAVUK SALAM KOLBASA,9.79₼,qastronom/kolbasa-sosisler
295,KAMAR 500GR SIGIR SALAM KOLBASA,8.99₼,qastronom/kolbasa-sosisler
296,KAMAR 500GR TAVUK SALAM KOLBASA,8.99₼,qastronom/kolbasa-sosisler
297,KAMAR 500GR TAVUK SALAM MOLOTSCHNAYA KOLBASA,10.39₼,qastronom/kolbasa-sosisler
298,KAMAR 500GR TOYUQ-HINDI SALAM KOLBASA 2,7.29₼,qastronom/kolbasa-sosisler
299,KOLBASA AZERI DOKTOR/LYUBITELSKAYA BISMIS HALAL KG,11.35₼,qastronom/kolbasa-sosisler
300,KOLBASA AZERI SER.MOSKOVSKAYA-ZERNISTAYA HALAL KG,12.10₼,qastronom/kolbasa-sosisler
301,KOLBASA AZERI TOYUQ BISMIS HALAL KG,11.05₼,qastronom/kolbasa-sosisler
302,KOLBASA BEST BEEF DOKTOR/LYUBITEL.KG,11.89₼,qastronom/kolbasa-sosisler
303,KOLBASA BEST BEEF KRAKOV KG,12.49₼,qastronom/kolbasa-sosisler
304,KOLBASA BEST BEEF OXOT KG,14.89₼,qastronom/kolbasa-sosisler
305,KOLBASA BEST BEEF SER.ASSORTI KG,12.89₼,qastronom/kolbasa-sosisler
306,KOLBASA CARICINO RUSSKAYA/DOKTOR QOST KG,24.89₼,qastronom/kolbasa-sosisler
307,KOLBASA CARICINO S NATURALNIM MOLOKOM KG,18.89₼,qastronom/kolbasa-sosisler
308,KOLBASA CARICINO S/K OXOTNICYA C/H/V KG,38.89₼,qastronom/kolbasa-sosisler
309,KOLBASA CARICINO SER.KNYAJESKIY B/H/V KG,23.89₼,qastronom/kolbasa-sosisler
310,KOLBASA CARICINO SER.ROSSIYSKIY KG,30.89₼,qastronom/kolbasa-sosisler
311,KOLBASA CARICINO SER.RUSSKIY QURMAN KG,36.89₼,qastronom/kolbasa-sosisler
312,KOLBASA CARICINO TELYACYA OSOBAYA KG,15.89₼,qastronom/kolbasa-sosisler
313,KOLBASA CENNET DOKTOR/LYUBITELSKAYA BISMIS KG,12.50₼,qastronom/kolbasa-sosisler
314,KOLBASA CENNET KRAKOV KG,14.20₼,qastronom/kolbasa-sosisler
315,KOLBASA CENNET OXOT KG,15.80₼,qastronom/kolbasa-sosisler
316,KOLBASA CENNET SERVELAT KG,13.60₼,qastronom/kolbasa-sosisler
317,KOLBASA CERKIZ FERMERSKAYA SO SPIKOM KG,11.20₼,qastronom/kolbasa-sosisler
318,KOLBASA CERKIZ RUSSKAYA/DOKTORSKAYA V SETKE KG,12.95₼,qastronom/kolbasa-sosisler
319,KOLBASA CERKIZ S/K BOQORODSKAYA KG,39.99₼,qastronom/kolbasa-sosisler
320,KOLBASA CERKIZ SER.ASTORIYA KG,29.99₼,qastronom/kolbasa-sosisler
321,KOLBASA CERKIZ SER.MUSKATNIY KG,29.99₼,qastronom/kolbasa-sosisler
322,KOLBASA CERKIZ SER.QOST PREMIUM KG,37.99₼,qastronom/kolbasa-sosisler
323,KOLBASA CF KRAKOVSKAYA KG,12.05₼,qastronom/kolbasa-sosisler
324,KOLBASA CF KRISTAL SERVELAT KG,11.89₼,qastronom/kolbasa-sosisler
325,KOLBASA CF SERVELAT XEZER HALAL KG,11.99₼,qastronom/kolbasa-sosisler
326,KOLBASA H.N.IMSAK YAGSIZ EF KG,13.00₼,qastronom/kolbasa-sosisler
327,KOLBASA H.N.LEZIZ-SEVIMLI KG,13.19₼,qastronom/kolbasa-sosisler
328,KOLBASA H.N.MANQAL BISHMISH KG,13.20₼,qastronom/kolbasa-sosisler
329,KOLBASA H.N.OXOT/DEREVENSKI KG,15.40₼,qastronom/kolbasa-sosisler
330,KOLBASA H.N.QOVYAJI/SENYUQA KG,13.50₼,qastronom/kolbasa-sosisler
331,KOLBASA H.N.TOYUQ YASIL KG,12.60₼,qastronom/kolbasa-sosisler
332,KOLBASA H.T.KOZLEME BISMIS KG,9.99₼,qastronom/kolbasa-sosisler
333,KOLBASA H.T.MUBAH H/V VAKUM KG,12.20₼,qastronom/kolbasa-sosisler
334,KOLBASA H.T.QAYMAQLI BISMIS KG,10.55₼,qastronom/kolbasa-sosisler
335,KOLBASA HICAZ DOKTORSKAYA BISMIS KG,13.99₼,qastronom/kolbasa-sosisler
336,KOLBASA HICAZ SERVELAT VAKUUM KG,16.99₼,qastronom/kolbasa-sosisler
337,KOLBASA KRAL GOYCE BISMIS D/L KG,10.90₼,qastronom/kolbasa-sosisler
338,KOLBASA KRAL KRAKOV HALAL KG,14.95₼,qastronom/kolbasa-sosisler
339,KOLBASA KRAL KURINAYA BISMIS KG,11.95₼,qastronom/kolbasa-sosisler
340,KOLBASA KRAL OXOT HALAL KG,14.95₼,qastronom/kolbasa-sosisler
341,KOLBASA KRAL QELYANALTI BISMIS D/L KG,12.95₼,qastronom/kolbasa-sosisler
342,KOLBASA KRAL SER.ZERNISTAYA NEW KG,14.95₼,qastronom/kolbasa-sosisler
343,KOLBASA KRAL XLEBNAYA HALAL BISMIS KG,13.95₼,qastronom/kolbasa-sosisler
344,KOLBASA OSTANKINO DOKTORSKAYA PREMIUM KG,19.95₼,qastronom/kolbasa-sosisler
345,KOLBASA OSTANKINO DOKTORSKAYA QOST KG,19.30₼,qastronom/kolbasa-sosisler
346,KOLBASA OSTANKINO FILEYNAYA PAPA MOJET KG,18.50₼,qastronom/kolbasa-sosisler
347,KOLBASA OSTANKINO MYASNAYA PAPA MOJET KG,16.95₼,qastronom/kolbasa-sosisler
348,KOLBASA OSTANKINO SER.KREMLYOVSKIY KG,26.50₼,qastronom/kolbasa-sosisler
349,KOLBASA OSTANKINO SER.OXOTNICIY KG,22.60₼,qastronom/kolbasa-sosisler
350,KOLBASA OSTANKINO SER.ROSSIYSKIY KG,25.99₼,qastronom/kolbasa-sosisler
351,KOLBASA OSTANKINO SO SPIKOM I CESNOKOM KG,16.95₼,qastronom/kolbasa-sosisler
352,KOLBASA OVC.DOKTOR/LYUBITEL. BISMIS KG,11.59₼,qastronom/kolbasa-sosisler
353,KOLBASA OVC.KRAKOV H/V KG,12.59₼,qastronom/kolbasa-sosisler
354,KOLBASA OVC.SERVALAT H/V CESID KG,12.59₼,qastronom/kolbasa-sosisler
355,KOLBASA OVQAT DOKTOR/LYUBITEL/RUSSKAYA KG,12.50₼,qastronom/kolbasa-sosisler
356,KOLBASA OVQAT KRAKOV KG,14.20₼,qastronom/kolbasa-sosisler
357,KOLBASA OVQAT OXOT KG,15.80₼,qastronom/kolbasa-sosisler
358,KOLBASA OVQAT SERVELAT HALAL KG,13.60₼,qastronom/kolbasa-sosisler
359,KOLBASA PAYIM LUBITEL/DOKTORSKAYA KG,13.60₼,qastronom/kolbasa-sosisler
360,KOLBASA PAYIM SER.KESLE/SADE KG,14.35₼,qastronom/kolbasa-sosisler
361,KOLBASA PAYIM TOYUQ BISMIS KG,13.30₼,qastronom/kolbasa-sosisler
362,KOLBASA REMIT DOKTORSKAYA BELKOZ KG,35.99₼,qastronom/kolbasa-sosisler
363,KOLBASA REMIT KRUQ DOKTORSKAYA KG,35.99₼,qastronom/kolbasa-sosisler
364,KOLBASA REMIT SER.FINSKIY KG,35.00₼,qastronom/kolbasa-sosisler
365,KOLBASA REMIT SER.V/S MUSKATNIY KG,49.99₼,qastronom/kolbasa-sosisler
366,KOLBASA RUBLEV EVREYSKAYA S/K KG,62.40₼,qastronom/kolbasa-sosisler
367,KOLBASA RUBLEV QURMAN SERVELAT KG,78.00₼,qastronom/kolbasa-sosisler
368,KOLBASA S.D.KLASSIKA DOKTOR/LUBITELSKAYA BISMIS KG,9.99₼,qastronom/kolbasa-sosisler
369,KOLBASA S.D.KORONA DOKTOR/LUBITELSKAYA BISMIS KG,8.90₼,qastronom/kolbasa-sosisler
370,KOLBASA S.D.KRAKOVSKAYA H/V KG,14.45₼,qastronom/kolbasa-sosisler
371,KOLBASA S.D.KUBAR C/H/V ASSORTI KG,23.90₼,qastronom/kolbasa-sosisler
372,KOLBASA S.D.OXOT BAGIRSAQ Y/H/V KG,15.55₼,qastronom/kolbasa-sosisler
373,KOLBASA S.D.OXOT Y/H/V KG,15.55₼,qastronom/kolbasa-sosisler
374,KOLBASA S.D.SER.MUSKATNIY Y/H/V KG,12.79₼,qastronom/kolbasa-sosisler
375,KOLBASA S.D.ZERNISTAYA Y/H/V KG,12.20₼,qastronom/kolbasa-sosisler
376,KOLBASA SAB DOKTORSKAYA KG,13.59₼,qastronom/kolbasa-sosisler
377,KOLBASA SAB MARCILDAD KG,12.99₼,qastronom/kolbasa-sosisler
378,KOLBASA SAB QAVYAJIYA KG,13.35₼,qastronom/kolbasa-sosisler
379,KOLBASA SAB SEYYAH S/K KG,21.59₼,qastronom/kolbasa-sosisler
380,KOLBASA SAB SP.DOYME S/K KG,29.39₼,qastronom/kolbasa-sosisler
381,KOLBASA SAB TOYUQ YASIL KG,13.35₼,qastronom/kolbasa-sosisler
382,KOLBASA SOCI DOKTOR/LYUBIT.SO SPIKOM KG,19.89₼,qastronom/kolbasa-sosisler
383,KOLBASA SOCI QOVYAJYA/MOLOCNAYA KG,19.89₼,qastronom/kolbasa-sosisler
384,KOLBASA SOCI S/K SER.YUBILEYNIY C/H/V KG,55.89₼,qastronom/kolbasa-sosisler
385,KOLBASA SOCI SALYAMI FINSKAYA S/K KG,55.89₼,qastronom/kolbasa-sosisler
386,KOLBASA STAROD.DOKTORSKAYA KG,17.89₼,qastronom/kolbasa-sosisler
387,MIRATORQ 430GR KOLBASA KRAKOVSKAYA QOST,13.89₼,qastronom/kolbasa-sosisler
388,OSTANKINO 250GR KOLBASA YUBILEYNAYA S/ PAPA MOJET,10.95₼,qastronom/kolbasa-sosisler
389,OSTANKINO 310GR KOLBASA SALYAMI FINSKAYA SERVELAT,7.95₼,qastronom/kolbasa-sosisler
390,OSTANKINO 310GR KOLBASA SERVELAT RUSSKIY,8.90₼,qastronom/kolbasa-sosisler
391,OSTANKINO 350GR KOLBASA SER.FINSKIY PAPA MOJET,7.99₼,qastronom/kolbasa-sosisler
392,OSTANKINO 350GR KOLBASA SERVELAT OXOTNICIY,10.95₼,qastronom/kolbasa-sosisler
393,OSTANKINO 350GR SOSISKA MOLOCNIE TRADICIONNIYE,7.35₼,qastronom/kolbasa-sosisler
394,OSTANKINO 350GR SOSISKI SOCNIYE PAPA MOJET,5.99₼,qastronom/kolbasa-sosisler
395,OSTANKINO 400GR KOLBASA MYASNAYA PAPA MOJET,6.99₼,qastronom/kolbasa-sosisler
396,OSTANKINO 400GR SOSISKI MYASNIYE PAPA MOJET,6.80₼,qastronom/kolbasa-sosisler
397,OSTANKINO 450GR SOSISKI SOCNIYE,8.95₼,qastronom/kolbasa-sosisler
398,OSTANKINO 500GR KOLBASA DOKTORSKAYA PREMIUM,11.20₼,qastronom/kolbasa-sosisler
399,OSTANKINO 500GR KOLBASA DOKTORSKAYA TRAD.KOROVINO,7.99₼,qastronom/kolbasa-sosisler
400,OSTANKINO 500GR KOLBASA FILEYNAYA PAPA MOJET,9.90₼,qastronom/kolbasa-sosisler
401,OSTANKINO 600GR SOSISKI MOLOCNIYE TRADICIONNIYE,11.35₼,qastronom/kolbasa-sosisler
402,PINAR 110GR GURME HINDI GOGUS FUME 6DILIM,3.76₼,qastronom/kolbasa-sosisler
403,PINAR 180GR AC BITIR HINDI KOKTEYL SOSIS,3.45₼,qastronom/kolbasa-sosisler
404,PINAR 215GR KOKTEYL SOSIS,9.59₼,qastronom/kolbasa-sosisler
405,PINAR 225GR DOYUM HINDI SALAM,3.45₼,qastronom/kolbasa-sosisler
406,PINAR 225GR KLASSIK FERMENTE SUCUK,10.45₼,qastronom/kolbasa-sosisler
407,PINAR 225GR SOLEN ACILI SUCUK,11.50₼,qastronom/kolbasa-sosisler
408,PINAR 240GR LEZZET KEYFI HINDI KOKTEYL SOSIS,3.97₼,qastronom/kolbasa-sosisler
409,PINAR 250GR GURME FERMENTE SUCUK,13.09₼,qastronom/kolbasa-sosisler
410,PINAR 250GR KAHVALTILIK MACAR SALAM,8.69₼,qastronom/kolbasa-sosisler
411,PINAR 300GR HINDI ETLI SALAM,7.31₼,qastronom/kolbasa-sosisler
412,PINAR 300GR MANGAL KEYFI ACILI SUCUK,7.65₼,qastronom/kolbasa-sosisler
413,PINAR 300GR MANGAL KEYFI SUCUK,7.65₼,qastronom/kolbasa-sosisler
414,PINAR 50GR MACAR SALAM AC BITIR 7DILIM,2.30₼,qastronom/kolbasa-sosisler
415,PINAR 60GR AC BITIR HINDI JAMBON 8DILIM,2.61₼,qastronom/kolbasa-sosisler
416,PINAR 60GR AC BITIR HINDI SALAM BUYUK DILIM,1.89₼,qastronom/kolbasa-sosisler
417,PINAR 60GR AC BITIR HINDI SALAM FISTIKLI 8DILIM,2.09₼,qastronom/kolbasa-sosisler
418,PINAR 60GR MACAR SALAM AC BITIR BUYUK 6DILIM,2.60₼,qastronom/kolbasa-sosisler
419,PINAR 70GR AC BITIR HINDI SALAM,1.89₼,qastronom/kolbasa-sosisler
420,PINAR 75GR ACIKBUFE HINDI SALAM,1.56₼,qastronom/kolbasa-sosisler
421,PINAR 90GR AC BITIR SUCUK,5.01₼,qastronom/kolbasa-sosisler
422,REMIT 100GR NAREZKA KOLBASA SERVELAT,9.99₼,qastronom/kolbasa-sosisler
423,REMIT 150GR NAREZKA QRUDINKA SVINAYA,9.99₼,qastronom/kolbasa-sosisler
424,REMIT 380GR KOLBASKI KOBANOSSI,19.99₼,qastronom/kolbasa-sosisler
425,REMIT 400GR KOLBASA SERVELAT,19.99₼,qastronom/kolbasa-sosisler
426,REMIT 450GR KOLBASA KRAKOVSKAYA,21.99₼,qastronom/kolbasa-sosisler
427,REMIT 480GR SOSISKI,15.99₼,qastronom/kolbasa-sosisler
428,REMIT 500GR KOLBASA DOKTORSKAYA QOST,18.99₼,qastronom/kolbasa-sosisler
429,RUBLEVSKIY 240GR SOSISKI DOKTORSKIYE PACKA,8.35₼,qastronom/kolbasa-sosisler
430,RUBLEVSKIY 240GR SOSISKI MOLOCNIYE PACKA,9.35₼,qastronom/kolbasa-sosisler
431,RUBLEVSKIY 350GR KOLBASA KRAKOVSKAYA POLUKOP.,20.80₼,qastronom/kolbasa-sosisler
432,RUBLEVSKIY 350GR KOLBASA SERVELAT,18.75₼,qastronom/kolbasa-sosisler
433,RUBLEVSKIY 350GR KOLBASA SERVELAT FINSKIY,18.75₼,qastronom/kolbasa-sosisler
434,RUBLEVSKIY 400GR KOLBASA SERVELAT RUBLEVS.QURMAN,33.30₼,qastronom/kolbasa-sosisler
435,RUBLEVSKIY 450GR KOLBASA MOLOCNAYA VARYONAYA,18.75₼,qastronom/kolbasa-sosisler
436,RUBLEVSKIY 480GR SOSISKI DOKTORSKIYE PACKA,16.65₼,qastronom/kolbasa-sosisler
437,RUBLEVSKIY 480GR SOSISKI MOLOCNIYE PACKA,18.75₼,qastronom/kolbasa-sosisler
438,RUBLEVSKIY 500GR SARDELKI DOKTORSKIYE PACKA,18.75₼,qastronom/kolbasa-sosisler
439,SARDELKA KRAL HALAL KG,13.95₼,qastronom/kolbasa-sosisler
440,SARDELKA S.D.PENDIRLI KG,9.99₼,qastronom/kolbasa-sosisler
441,SHAHIN 180GR SUCUK KANGAL SAR.KOK,11.99₼,qastronom/kolbasa-sosisler
442,SHAHIN 180GR SUCUK KANGAL VAKUM,11.99₼,qastronom/kolbasa-sosisler
443,SHAHIN 90GR PASTIRMA AZ CEMENLI,10.99₼,qastronom/kolbasa-sosisler
444,SOCINSKIY M.200GR KOLBASKI KRIMSKIYE,5.56₼,qastronom/kolbasa-sosisler
445,SOCINSKIY M.260GR KOLBASA SALYAMI FINSKAYA S/K,15.94₼,qastronom/kolbasa-sosisler
446,SOCINSKIY M.400GR KOLBASA SALYAMI MINISTERSKAYA,15.89₼,qastronom/kolbasa-sosisler
447,SOCINSKIY M.400GR KOLBASA VENSKAYA VARYONO-KOPC.,15.89₼,qastronom/kolbasa-sosisler
448,SOCINSKIY M.450GR KOLBASA DOKTORSKAYA QOST,13.00₼,qastronom/kolbasa-sosisler
449,SOCINSKIY M.500GR SOSISKI SOCNIYE,6.89₼,qastronom/kolbasa-sosisler
450,SOCINSKIY M.525GR SOSISKI KLASSICESKIYE,9.89₼,qastronom/kolbasa-sosisler
451,SOCINSKIY M.525GR SOSISKI S MOLOCNIYE QOST,11.67₼,qastronom/kolbasa-sosisler
453,SOCINSKIY M.525GR SOSISKI S QOVYADINOY,9.78₼,qastronom/kolbasa-sosisler
454,SOSISKA BEST BEEF OCAQ KG,12.49₼,qastronom/kolbasa-sosisler
455,SOSISKA CARICINO DOKTOR/MOLOC.PO CAR KG,20.89₼,qastronom/kolbasa-sosisler
456,SOSISKA CERKIZ APPETITNIYE DOKTOR QAZ KG,10.99₼,qastronom/kolbasa-sosisler
457,SOSISKA CERKIZ MOLOCNIE KG,17.99₼,qastronom/kolbasa-sosisler
458,SOSISKA H.N IVERIYA HALAL EF KG,13.60₼,qastronom/kolbasa-sosisler
459,SOSISKA H.N MANQALUSTU EF KG,12.65₼,qastronom/kolbasa-sosisler
460,SOSISKA H.N SACUSTU KG,12.25₼,qastronom/kolbasa-sosisler
461,SOSISKA HICAZ KG,13.50₼,qastronom/kolbasa-sosisler
462,SOSISKA KRAL DANA ETLI KG,12.55₼,qastronom/kolbasa-sosisler
463,SOSISKA KRAL IVERIYA HALAL KG,10.99₼,qastronom/kolbasa-sosisler
464,SOSISKA KRAL QELYANALTI HALAL KG,12.95₼,qastronom/kolbasa-sosisler
467,SOSISKA KRAL TOYUQ ETLI KG,10.80₼,qastronom/kolbasa-sosisler
468,SOSISKA OSTANKINO MOLOCNIYE KG,17.95₼,qastronom/kolbasa-sosisler
469,SOSISKA OSTANKINO SOCNIYE KG,17.95₼,qastronom/kolbasa-sosisler
470,SOSISKA OVC.KLASSIK KG,5.89₼,qastronom/kolbasa-sosisler
471,SOSISKA OVC.KULLEME KG,10.59₼,qastronom/kolbasa-sosisler
472,SOSISKA OVQAT IVERIYA KG,16.20₼,qastronom/kolbasa-sosisler
473,SOSISKA OVQAT SOBA KG,12.90₼,qastronom/kolbasa-sosisler
474,SOSISKA PAYIM KESLE KG,8.99₼,qastronom/kolbasa-sosisler
475,SOSISKA S.D.IVERIYA KG,9.99₼,qastronom/kolbasa-sosisler
476,SOSISKA S.D.KOZLEME KG,11.09₼,qastronom/kolbasa-sosisler
477,SOSISKA S.D.KOZLEME PACKA KG,11.09₼,qastronom/kolbasa-sosisler
478,SOSISKA S.D.MOLOCNIYE KG,10.55₼,qastronom/kolbasa-sosisler
480,SOSISKA SAB DOYME KG,12.39₼,qastronom/kolbasa-sosisler
481,SOSISKA SAB OVCU KG,12.99₼,qastronom/kolbasa-sosisler
482,SOSISKA SAB SUDLU KG,12.89₼,qastronom/kolbasa-sosisler
483,SOSISKA SOCI MOLOCNIYE QOST KG,21.89₼,qastronom/kolbasa-sosisler
484,SOSISKA SOCI SO SLIVOCNIM MASLOM KG,18.89₼,qastronom/kolbasa-sosisler
485,SOSISKA STAROD.DATSKIYE KG,7.99₼,qastronom/kolbasa-sosisler
486,STARODVORYE 400GR KOLBASA DOKTORSKAYA ORIGINAL,7.89₼,qastronom/kolbasa-sosisler
487,STARODVORYE 420GR SOSISKI BAVARSKIYE,7.70₼,qastronom/kolbasa-sosisler
488,STARODVORYE 500GR KOLBASA DOKTORSKAYA,9.89₼,qastronom/kolbasa-sosisler
489,VETCINA KRAL HINDUSKA HALAL KG,13.55₼,qastronom/kolbasa-sosisler
